n_estimators,max_depth,learning_rate,min_samples_split,min_samples_leaf,random_state,MAE_mean,MAE_std,MAE_scores
100,3,0.05,10,10,42,1.5060383005683404,0.03657111682316169,[1.45507684 1.52387918 1.53915888]
100,3,0.05,20,10,42,1.5060383005683404,0.03657111682316169,[1.45507684 1.52387918 1.53915888]
50,3,0.05,10,10,42,1.5077470235813422,0.03067463767817943,[1.46585928 1.51892037 1.53846141]
50,3,0.05,20,10,42,1.5077470235813422,0.03067463767817943,[1.46585928 1.51892037 1.53846141]
50,5,0.05,20,10,42,1.5090629141671574,0.036244414220769905,[1.46215103 1.51463192 1.5504058 ]
