n_estimators, max_depth, learning_rate, min_child_samples, subsample, colsample_bytree, random_state, n_jobs, verbose, MAE_mean         , MAE_std            , MAE_scores
          50,         5,          0.05,                10,       0.9,              0.8,           42, -1    , -1     , 1.501915329035455, 0.03903661262831972, [1.44878643 1.5154884  1.54147116]
          50,         5,          0.05,                10,       0.8,              0.8,           42, -1    , -1     , 1.501915329035455, 0.03903661262831972, [1.44878643 1.5154884  1.54147116]
          50,         7,          0.05,                20,       0.9,              0.9,           42, -1    , -1     , 1.502574237297939, 0.04079842006666585, [1.4451932  1.52603704 1.53649247]
          50,         7,          0.05,                20,       0.8,              0.9,           42, -1    , -1     , 1.502574237297939, 0.04079842006666585, [1.4451932  1.52603704 1.53649247]
         100,         5,          0.05,                10,       0.9,              0.8,           42, -1    , -1     , 1.502766050812746, 0.04018075285185921, [1.44766977 1.51827097 1.54235741]
