{
  "premium_easy": {
    "mean": 4.6451863659297405,
    "dispersion": 0.6239905490517715,
    "std": 6.263022264780508,
    "sample_size": 107,
    "percentile_25": 0.0,
    "percentile_50": 2.0,
    "percentile_75": 6.0,
    "prior_mean": 10.0
  },
  "premium_hard": {
    "mean": 3.6327100652765396,
    "dispersion": 0.8748968651503777,
    "std": 4.32623351445429,
    "sample_size": 161,
    "percentile_25": 1.0,
    "percentile_50": 2.0,
    "percentile_75": 5.0,
    "prior_mean": 7.0
  },
  "mid_easy": {
    "mean": 2.7887654986193793,
    "dispersion": 0.8302437322854835,
    "std": 3.4865672066689877,
    "sample_size": 542,
    "percentile_25": 0.0,
    "percentile_50": 2.0,
    "percentile_75": 4.0,
    "prior_mean": 8.0
  },
  "mid_hard": {
    "mean": 2.5477562803236276,
    "dispersion": 0.9066830497413826,
    "std": 3.1155876728584415,
    "sample_size": 729,
    "percentile_25": 0.0,
    "percentile_50": 2.0,
    "percentile_75": 4.0,
    "prior_mean": 5.0
  },
  "budget_easy": {
    "mean": 1.0971328260744488,
    "dispersion": 0.24565821946955205,
    "std": 2.4488837703662805,
    "sample_size": 4369,
    "percentile_25": 0.0,
    "percentile_50": 0.0,
    "percentile_75": 1.0,
    "prior_mean": 6.5
  },
  "budget_hard": {
    "mean": 0.9821116271350875,
    "dispersion": 0.2860371138952976,
    "std": 2.0866726802211693,
    "sample_size": 6678,
    "percentile_25": 0.0,
    "percentile_50": 0.0,
    "percentile_75": 1.0,
    "prior_mean": 3.5
  }
}
